"speaker","tokenWord","sound","tokenNorm","word","soundSurround","gender","duration","tokenSoundNorm","meanIntensity","meanPulses","maxPulse","StDevPulses","maxPoint","maxPulseNorm","skewness","centerGravity","skewnessNorm"
"F 1971","belˀora_1","lˀ","word","belˀora","elˀo","F",0.0901999999999994,"lˀ | word",63.788408,0.00695714285714263,0.0118000000000009,0.00265292705855729,0.672949002217307,0.130820399113093,-0.00737657579121735,0.500000000000006,"Left-skewed"
"F 1971","belˀora_2","lˀ","word","belˀora","elˀo","F",0.0852000000000004,"lˀ | word",66.92949,0.00722307692307703,0.0123999999999995,0.00280569475833047,0.615023474178385,0.14553990610328,-0.0120267629082261,0.500000000000006,"Left-skewed"
"F 1971","belˀora_3","lˀ","word","belˀora","elˀo","F",0.0695000000000014,"lˀ | word",61.564552,0.00682727272727296,0.0106999999999999,0.00341909078823285,0.743165467625915,0.15395683453237,-0.0130228922825381,0.500000000000003,"Left-skewed"
"F 1971","belˀora_cf","lˀ","cf","belˀora","elˀo","F",0.0619999999999976,"lˀ | cf",63.883645,0.00636363636363607,0.00860000000000127,0.00304245714095477,0.696774193548395,0.138709677419381,0.000890843215080879,0.500000000000004,"Right-skewed"
"F 1971","ila_1","l","word","ila","ila","F",0.121,"l | word",68.707264,0.00527083333333334,0.00609999999999999,0.00149767331628732,0.112809917355373,0.0504132231404958,-0.000229213691465731,0.5,"Left-skewed"
"F 1971","ila_2","l","word","ila","ila","F",0.112,"l | word",69.188383,0.0053454545454545,0.00620000000000021,0.00170649383594593,0.971428571428571,0.0553571428571449,-0.000271634866731988,0.5,"Left-skewed"
"F 1971","ila_3","l","word","ila","ila","F",0.0991,"l | word",69.927979,0.00503999999999998,0.00649999999999995,0.00216610249065006,0.896569122098889,0.0655903128153376,-0.000873585362831007,0.5,"Left-skewed"
"F 1971","ila_cf","l","cf","ila","ila","F",0.0889999999999995,"l | cf",70.916,0.0051388888888888,0.00630000000000042,0.00186646532527621,0.0544943820224749,0.0707865168539376,0.00022132359006579,0.5,"Right-skewed"
"F 1971","lˀala_1","l","word","lˀala","ala","F",0.0884,"l | word",68.126245,0.00568823529411756,0.00619999999999976,0.00107986246401042,0.067873303167343,0.0701357466063321,-0.000313578532413338,0.499999999999998,"Left-skewed"
"F 1971","lˀala_2","l","word","lˀala","ala","F",0.105000000000004,"l | word",67.979154,0.00613684210526344,0.0063999999999993,0.000281287765492992,0.729523809523909,0.0609523809523719,-0.000493410150324915,0.50000000000002,"Left-skewed"
"F 1971","lˀala_3","l","word","lˀala","ala","F",0.109300000000005,"l | word",66.013541,0.00621052631578996,0.00710000000000832,0.0014039209920941,0.908966148215892,0.0649588289113268,-0.00101145161543105,0.500000000000008,"Left-skewed"
"F 1971","lˀala_cf","l","cf","lˀala","ala","F",0.0630000000000024,"l | cf",67.216779,0.00598333333333419,0.00689999999998747,0.00168135947880803,0.156349206349428,0.109523809523607,0.00186061226999269,0.500000000000013,"Right-skewed"
"F 1971","q'ali_1","l","word","q'ali","ali","F",0.0870999999999995,"l | word",65.162267,0.00585000000000013,0.00710000000000122,0.00156247666649173,0.920206659012672,0.0815154994259616,-0.000652276883250631,0.499999999999997,"Left-skewed"
"F 1971","q'ali_2","l","word","q'ali","ali","F",0.106100000000005,"l | word",65.739666,0.0063777777777787,0.00779999999999603,0.00122164573451034,0.929311969839707,0.0735155513665944,-0.00105780313256804,0.500000000000001,"Left-skewed"
"F 1971","q'ali_3","l","word","q'ali","ali","F",0.0941000000000045,"l | word",65.926691,0.00655000000000072,0.00730000000000075,0.000839841254839805,0.819872476089261,0.0775770456960723,-0.00118061040616953,0.500000000000007,"Left-skewed"
"F 1971","q'ali_cf","l","cf","q'ali","ali","F",0.0519999999999996,"l | cf",63.705883,0.00530000000000024,0.00660000000000593,0.00171230838343919,0.628846153846128,0.126923076923192,-0.000434687715674661,0.500000000000004,"Left-skewed"
"F 1971","relˀa_1","lˀ","word","relˀa","elˀa","F",0.134,"lˀ | word",62.509712,0.00890625000000012,0.0195000000000007,0.00484279103410396,0.558582089552248,0.145522388059707,-0.00976770852715778,0.500000000000002,"Left-skewed"
"F 1971","relˀa_2","lˀ","word","relˀa","elˀa","F",0.117000000000001,"lˀ | word",63.34943,0.00929230769230763,0.0213999999999999,0.00684585781555352,0.496581196581189,0.18290598290598,0.0055902041737754,0.500000000000003,"Right-skewed"
"F 1971","relˀa_3","lˀ","word","relˀa","elˀa","F",0.108999999999998,"lˀ | word",60.652187,0.0136999999999997,0.0225999999999971,0.00665215086352496,0.10366972477063,0.207339449541261,0.0276786522880369,0.500000000000001,"Right-skewed"
"F 1971","relˀa_cf","lˀ","cf","relˀa","elˀa","F",0.0688999999999993,"lˀ | cf",62.872043,0.00619999999999976,0.00890000000000057,0.00271628087983991,0.633526850507982,0.129172714078384,-0.00297465174925484,0.500000000000006,"Left-skewed"
"F 1971","rolˀal_1","lˀ","word","rolˀal","olˀa","F",0.145100000000001,"lˀ | word",66.398955,0.00731904761904773,0.0172000000000008,0.00378822109275829,0.567884217780835,0.118538938662995,-0.000345904515369715,0.499999999999998,"Left-skewed"
"F 1971","rolˀal_2","lˀ","word","rolˀal","olˀa","F",0.1327,"lˀ | word",64.446841,0.00746111111111109,0.0210000000000008,0.00589936575742418,0.531273549359465,0.158251695553887,-0.000646530150084372,0.499999999999998,"Left-skewed"
"F 1971","rolˀal_3","lˀ","word","rolˀal","olˀa","F",0.1252,"lˀ | word",64.084296,0.00719444444444445,0.0180999999999987,0.00415783770475516,0.662539936102241,0.144568690095837,-0.00760845032012906,0.500000000000002,"Left-skewed"
"F 1971","rolˀal_cf","lˀ","cf","rolˀal","olˀa","F",0.102599999999999,"lˀ | cf",65.878652,0.00663529411764695,0.00820000000000043,0.00104159803695491,0.568226120857697,0.0799220272904534,-0.000272171352944283,0.5,"Left-skewed"
"M 1963","belˀora_1","lˀ","word","belˀora","elˀo","M",0.0799999999999983,"lˀ | word",61.962807,0.00601333333333306,0.0103000000000009,0.00240531158263042,0.83687499999991,0.128750000000014,-0.012627939976565,0.499999999999991,"Left-skewed"
"M 1963","belˀora_2","lˀ","word","belˀora","elˀo","M",0.0705999999999989,"lˀ | word",60.749207,0.00607692307692367,0.00969999999999516,0.00165436485604824,0.812322946175644,0.137393767705316,-0.0112548431763926,0.500000000000018,"Left-skewed"
"M 1963","belˀora_3","lˀ","word","belˀora","elˀo","M",0.0712000000000046,"lˀ | word",66.293435,0.00487500000000018,0.00549999999999784,0.0011778511507523,0.18047752808968,0.0772471910112006,0.000249720919274803,0.5,"Right-skewed"
"M 1963","belˀora_cf","lˀ","cf","belˀora","elˀo","M",0.0808999999999997,"lˀ | cf",65.528081,0.00532941176470642,0.00570000000000448,0.000510838411194406,0.0352286773795965,0.0704573547590173,0.000637158375981783,0.500000000000008,"Right-skewed"
"M 1963","ila_1","l","word","ila","ila","M",0.0869,"l | word",65.05266,0.00847857142857121,0.0266999999999982,0.0077214166268415,0.153624856156532,0.307249712312982,0.105119997709095,0.50000000000001,"Right-skewed"
"M 1963","ila_2","l","word","ila","ila","M",0.0884999999999962,"l | word",69.05059,0.00467999999999975,0.00540000000000163,0.00144389823230762,0.15367231638415,0.0610169491525633,4.71307143543234e-05,0.5,"Right-skewed"
"M 1963","ila_3","l","word","ila","ila","M",0.0794999999999959,"l | word",67.682438,0.00576874999999966,0.011099999999999,0.00245756485163651,0.0698113207547143,0.139622641509429,0.00986898591089879,0.500000000000006,"Right-skewed"
"M 1963","ila_cf","l","cf","ila","ila","M",0.0705000000000027,"l | cf",68.32286,0.00512000000000038,0.0063999999999993,0.00132729585462841,0.102127659574529,0.0907801418439582,0.00121172687549671,0.49999999999999,"Right-skewed"
"M 1963","lˀala_1","l","word","lˀala","ala","M",0.0642999999999994,"l | word",68.394158,0.0047333333333332,0.00530000000000186,0.000874778883626413,0.501555209953312,0.0824261275272459,-9.26515695727845e-05,0.500000000000001,"Left-skewed"
"M 1963","lˀala_2","l","word","lˀala","ala","M",0.0818999999999974,"l | word",67.533087,0.0045684210526314,0.00529999999999831,0.00115520687496959,0.0555555555555797,0.0647130647130461,0.000189931583645478,0.50000000000001,"Right-skewed"
"M 1963","lˀala_3","l","word","lˀala","ala","M",0.0694000000000017,"l | word",69.017584,0.00455000000000005,0.00580000000000069,0.00170254711143852,0.776657060518695,0.0835734870317082,-0.000401088994574019,0.499999999999992,"Left-skewed"
"M 1963","lˀala_cf","l","cf","lˀala","ala","M",0.0693999999999946,"l | cf",67.357455,0.00503333333333273,0.00589999999999691,0.00124250131742845,0.0842939481267393,0.0850144092218641,0.000345330950484162,0.500000000000003,"Right-skewed"
"M 1963","q'ali_1","l","word","q'ali","ali","M",0.0788,"l | word",66.677157,0.00505882352941176,0.00560000000000005,0.00115707542079666,0.587563451776647,0.0710659898477164,0.000285733280060908,0.5,"Right-skewed"
"M 1963","q'ali_2","l","word","q'ali","ali","M",0.0937000000000001,"l | word",66.025278,0.00470952380952383,0.00530000000000008,0.00147136153337804,0.0805763073639291,0.0565635005336187,-0.000149142691449038,0.5,"Left-skewed"
"M 1963","q'ali_3","l","word","q'ali","ali","M",0.0851999999999995,"l | word",67.604651,0.0049555555555555,0.00640000000000018,0.00163643163521497,0.0622065727699544,0.0751173708920214,0.000664345453230554,0.5,"Right-skewed"
"M 1963","q'ali_cf","l","cf","q'ali","ali","M",0.0802000000000005,"l | cf",66.519149,0.00469444444444446,0.00590000000000046,0.00155392187789946,0.0804239401496263,0.0735660847880352,0.000144575477368443,0.5,"Right-skewed"
"M 1963","relˀa_1","lˀ","word","relˀa","elˀa","M",0.0823999999999998,"lˀ | word",58.520027,0.00662142857142811,0.0157000000000025,0.00352162081814832,0.805218446601943,0.190533980582555,-0.0254966495358774,0.499999999999988,"Left-skewed"
"M 1963","relˀa_2","lˀ","word","relˀa","elˀa","M",0.0876999999999981,"lˀ | word",62.986764,0.00579411764705849,0.0102999999999938,0.00175765134065133,0.751995438996524,0.11744583808431,-0.00867059538851246,0.499999999999987,"Left-skewed"
"M 1963","relˀa_3","lˀ","word","relˀa","elˀa","M",0.0882000000000005,"lˀ | word",63.042695,0.00589999999999983,0.0106999999999999,0.00222345451943453,0.829365079365136,0.121315192743763,-0.00912251555949654,0.500000000000002,"Left-skewed"
"M 1963","relˀa_cf","lˀ","cf","relˀa","elˀa","M",0.123600000000003,"lˀ | cf",60.724019,0.0135357142857145,0.0630000000000024,0.0210235255457706,0.745145631067958,0.509708737864084,-0.415350735548153,0.499999999999999,"Left-skewed"
"M 1963","rolˀal_1","lˀ","word","rolˀal","olˀa","M",0.114199999999997,"lˀ | word",55.357746,0.114199999999997,0.114199999999997,0,0.5,1,NA,0.5,"NaN"
"M 1963","rolˀal_2","lˀ","word","rolˀal","olˀa","M",0.0655999999999963,"lˀ | word",62.980741,0.00493333333333273,0.00569999999999737,0.000930181753873713,0.956554878048744,0.0868902439024039,-0.00136222599031763,0.500000000000001,"Left-skewed"
"M 1963","rolˀal_3","lˀ","word","rolˀal","olˀa","M",0.0863000000000014,"lˀ | word",63.107993,0.00530588235294135,0.0109999999999957,0.00268641736059322,0.713789107763587,0.127462340672022,-0.00695784114223889,0.500000000000008,"Left-skewed"
"M 1963","rolˀal_cf","lˀ","cf","rolˀal","olˀa","M",0.069199999999995,"lˀ | cf",61.599183,0.00465624999999914,0.00560000000000116,0.00154314343684218,0.576589595375704,0.080924855491352,0.000548961964749276,0.5,"Right-skewed"
"M 1965","belˀora_1","lˀ","word","belˀora","elˀo","M",0.127299999999998,"lˀ | word",63.076863,0.00912666666666648,0.0212000000000003,0.00481121705224468,0.350353495679467,0.166535742340932,0.0114983177558455,0.49999999999999,"Right-skewed"
"M 1965","belˀora_2","lˀ","word","belˀora","elˀo","M",0.109999999999999,"lˀ | word",62.978203,0.00808571428571422,0.0124000000000066,0.00442855370432477,0.367272727272778,0.112727272727334,0.00471473697191492,0.499999999999991,"Right-skewed"
"M 1965","belˀora_3","lˀ","word","belˀora","elˀo","M",0.128100000000003,"lˀ | word",61.70658,0.0108615384615394,0.0277999999999992,0.00599451672524288,0.166276346604239,0.21701795472286,0.0351820380570324,0.50000000000001,"Right-skewed"
"M 1965","belˀora_cf","lˀ","cf","belˀora","elˀo","M",0.0945999999999998,"lˀ | cf",63.700788,0.0111999999999995,0.0168000000000035,0.00447114203656238,0.23044397463001,0.177589852008494,0.0202973871278048,0.499999999999997,"Right-skewed"
"M 1965","ila_1","l","word","ila","ila","M",0.106100000000001,"l | word",69.136109,0.00696249999999998,0.00890000000000057,0.0026229436389934,0.775212064090489,0.0838831291234727,-0.0015847031252887,0.500000000000004,"Left-skewed"
"M 1965","ila_2","l","word","ila","ila","M",0.116300000000003,"l | word",70.44977,0.00806875000000007,0.00900000000000034,0.00111756804416323,0.822871883061038,0.0773860705073099,-0.000858084019520156,0.500000000000002,"Left-skewed"
"M 1965","ila_3","l","word","ila","ila","M",0.1098,"l | word",69.489339,0.00726249999999995,0.00929999999999609,0.00254973854868844,0.751821493624752,0.084699453551877,-0.00125677142921217,0.500000000000004,"Left-skewed"
"M 1965","ila_cf","l","cf","ila","ila","M",0.0881000000000043,"l | cf",71.87688,0.00743846153846251,0.00919999999999987,0.00236943680422604,0.0828603859251703,0.104426787741197,0.0004573361017058,0.500000000000011,"Right-skewed"
"M 1965","lˀala_1","l","word","lˀala","ala","M",0.105999999999998,"l | word",68.843862,0.00711874999999984,0.00900000000000034,0.00224802691265045,0.855660377358489,0.0849056603773632,-0.00237021046393847,0.500000000000005,"Left-skewed"
"M 1965","lˀala_2","l","word","lˀala","ala","M",0.1098,"l | word",69.444705,0.00784666666666662,0.00950000000000273,0.00257789134944165,0.763661202185809,0.0865209471767098,-0.00116275187314396,0.500000000000006,"Left-skewed"
"M 1965","lˀala_3","l","word","lˀala","ala","M",0.1219,"l | word",67.781339,0.00758823529411773,0.00959999999999894,0.00262532911102111,0.835110746513541,0.0787530762920339,-0.00100053976255131,0.499999999999998,"Left-skewed"
"M 1965","lˀala_cf","l","cf","lˀala","ala","M",0.1022,"l | cf",68.359648,0.0072733333333332,0.00879999999999725,0.00247918957572504,0.512720156555761,0.0861056751467443,-0.000352270227220438,0.5,"Left-skewed"
"M 1965","q'ali_1","l","word","q'ali","ali","M",0.106,"l | word",68.823041,0.00683125000000001,0.00960000000000005,0.00316074226514383,0.933018867924529,0.0905660377358495,-0.00240053689185663,0.5,"Left-skewed"
"M 1965","q'ali_2","l","word","q'ali","ali","M",0.1155,"l | word",68.790231,0.00770000000000001,0.00979999999999981,0.00244731145000651,0.936796536796538,0.0848484848484832,-0.00170067135329341,0.5,"Left-skewed"
"M 1965","q'ali_3","l","word","q'ali","ali","M",0.1112,"l | word",67.902384,0.00718750000000004,0.00950000000000006,0.00321659758129597,0.863758992805754,0.0854316546762594,-0.00207112207843292,0.5,"Left-skewed"
"M 1965","q'ali_cf","l","cf","q'ali","ali","M",0.0773000000000001,"l | cf",69.636509,0.00818181818181817,0.00959999999999983,0.00149987878298104,0.137128072445021,0.124191461836996,-5.80261823961058e-05,0.5,"Left-skewed"
"M 1965","relˀa_1","lˀ","word","relˀa","elˀa","M",0.151800000000001,"lˀ | word",57.446307,0.0135416666666668,0.0663000000000054,0.0169451231028207,0.338274044795823,0.436758893280663,0.158316051557895,0.500000000000015,"Right-skewed"
"M 1965","relˀa_2","lˀ","word","relˀa","elˀa","M",0.1646,"lˀ | word",59.942498,0.0117733333333334,0.0409000000000006,0.00929988223171749,0.451093560145847,0.248481166464159,0.0168092129498574,0.500000000000013,"Right-skewed"
"M 1965","relˀa_3","lˀ","word","relˀa","elˀa","M",0.178399999999996,"lˀ | word",50.162943,0.020766666666666,0.123199999999997,0.038701227370717,0.350336322869962,0.690582959641253,0.927309889105822,0.499999999999997,"Right-skewed"
"M 1965","relˀa_cf","lˀ","cf","relˀa","elˀa","M",0.125599999999999,"lˀ | cf",65.26215,0.00910666666666676,0.0153999999999996,0.00343084051897824,0.285031847133719,0.122611464968151,0.00573053189095766,0.499999999999996,"Right-skewed"
"M 1965","rolˀal_1","lˀ","word","rolˀal","olˀa","M",0.1584,"lˀ | word",62.783154,0.0095647058823528,0.0513999999999939,0.0113133185436706,0.474116161616155,0.32449494949491,0.0114603696686622,0.499999999999996,"Right-skewed"
"M 1965","rolˀal_2","lˀ","word","rolˀal","olˀa","M",0.161000000000001,"lˀ | word",63.960687,0.0100176470588238,0.0272999999999968,0.00615286877136517,0.586645962732926,0.169565217391283,-0.00371480024639065,0.499999999999999,"Left-skewed"
"M 1965","rolˀal_3","lˀ","word","rolˀal","olˀa","M",0.150299999999994,"lˀ | word",63.082605,0.00964374999999906,0.0353999999999957,0.00836524307277869,0.435129740518957,0.235528942115748,0.00587583217461268,0.500000000000002,"Right-skewed"
"M 1965","rolˀal_cf","lˀ","cf","rolˀal","olˀa","M",0.110999999999997,"lˀ | cf",64.50085,0.0101666666666661,0.0238000000000014,0.00579409312589264,0.443243243243246,0.214414414414432,0.0156508820345201,0.500000000000008,"Right-skewed"
"F 1966","belˀora_1","lˀ","word","belˀora","elˀo","F",0.111199999999997,"lˀ | word",63.408498,0.00418571428571392,0.0106999999999999,0.00180507808094507,0.756744604316579,0.0962230215827361,-0.000919329332124474,0.499999999999991,"Left-skewed"
"F 1966","belˀora_2","lˀ","word","belˀora","elˀo","F",0.110500000000002,"lˀ | word",64.296093,0.00694736842105252,0.0213999999999999,0.0056833449091826,0.903167420814482,0.193665158371036,-0.0314385334007181,0.500000000000003,"Left-skewed"
"F 1966","belˀora_3","lˀ","word","belˀora","elˀo","F",0.111599999999996,"lˀ | word",66.123637,0.00524999999999988,0.0137,0.00301563386687574,0.576612903225806,0.12275985663083,-0.00460106026960973,0.500000000000001,"Left-skewed"
"F 1966","belˀora_cf","lˀ","cf","belˀora","elˀo","F",0.103000000000002,"lˀ | cf",62.978064,0.00516190476190491,0.0100000000000051,0.00200735552169488,0.29708737864077,0.0970873786408249,-0.000702167541200685,0.499999999999999,"Left-skewed"
"F 1966","ila_1","l","word","ila","ila","F",0.118200000000002,"l | word",69.647236,0.00387419354838724,0.0046999999999997,0.00116732393160134,0.706852791878184,0.0397631133671712,-0.000268076015427017,0.500000000000002,"Left-skewed"
"F 1966","ila_2","l","word","ila","ila","F",0.107200000000002,"l | word",70.313244,0.0040178571428573,0.00459999999999994,0.000816520881059433,0.0326492537313659,0.0429104477611925,-2.34535106104908e-05,0.5,"Left-skewed"
"F 1966","ila_3","l","word","ila","ila","F",0.106200000000001,"l | word",70.764653,0.00430000000000009,0.00529999999999831,0.000993981891182891,0.883709981167596,0.0499058380414148,-0.000678440718798521,0.500000000000003,"Left-skewed"
"F 1966","ila_cf","l","cf","ila","ila","F",0.0822999999999965,"l | cf",71.285243,0.00407142857142805,0.00510000000000588,0.00133421994331791,0.0990279465370704,0.0619684082625285,0.000857380858912468,0.499999999999999,"Right-skewed"
"F 1966","lˀala_1","l","word","lˀala","ala","F",0.061399999999999,"l | word",68.680813,0.00355555555555536,0.00430000000000064,0.00135134887828819,0.347719869706817,0.0700325732899138,-0.000412551823328148,0.499999999999999,"Left-skewed"
"F 1966","lˀala_2","l","word","lˀala","ala","F",0.0637000000000008,"l | word",67.45137,0.00376111111111103,0.0044000000000004,0.000976270748903394,0.0690737833595032,0.0690737833595032,0.000106828305317696,0.499999999999989,"Right-skewed"
"F 1966","lˀala_3","l","word","lˀala","ala","F",0.0671999999999997,"l | word",66.630642,0.00461249999999991,0.00529999999999831,0.00122358762116428,0.808779761904757,0.0788690476190228,-0.00117068276158669,0.499999999999996,"Left-skewed"
"F 1966","lˀala_cf","l","cf","lˀala","ala","F",0.0792000000000002,"l | cf",67.207274,0.00382857142857147,0.00489999999999924,0.00161001330961651,0.0397727272727018,0.0618686868686771,0.000374873527198954,0.499999999999999,"Right-skewed"
"F 1966","q'ali_1","l","word","q'ali","ali","F",0.0904,"l | word",67.476807,0.00390833333333334,0.00469999999999993,0.00111234834497995,0.0326327433628319,0.051991150442477,0.000293416608468823,0.5,"Right-skewed"
"F 1966","q'ali_2","l","word","q'ali","ali","F",0.0876999999999999,"l | word",70.34052,0.00393043478260869,0.00490000000000013,0.00122490622372369,0.0416191562143664,0.0558722919042204,0.000598212727798617,0.5,"Right-skewed"
"F 1966","q'ali_3","l","word","q'ali","ali","F",0.0923999999999996,"l | word",67.757847,0.00423043478260864,0.00480000000000036,0.00099427213332113,0.712121212121218,0.0519480519480561,-0.000136040480623421,0.5,"Left-skewed"
"F 1966","q'ali_cf","l","cf","q'ali","ali","F",0.0684000000000005,"l | cf",66.178495,0.00447647058823536,0.00480000000000036,0.000460338749950304,0.0994152046783639,0.070175438596496,0.00071680571155942,0.500000000000001,"Right-skewed"
"F 1966","relˀa_1","lˀ","word","relˀa","elˀa","F",0.121099999999998,"lˀ | word",61.613985,0.00481153846153832,0.00750000000000028,0.0014814390093636,0.572667217175837,0.0619322873658165,-0.000711861513542238,0.499999999999991,"Left-skewed"
"F 1966","relˀa_2","lˀ","word","relˀa","elˀa","F",0.128300000000003,"lˀ | word",64.42636,0.00624545454545485,0.0131999999999977,0.00290921807081361,0.910366328916563,0.102883865939184,-0.00802421880201976,0.5,"Left-skewed"
"F 1966","relˀa_3","lˀ","word","relˀa","elˀa","F",0.122599999999998,"lˀ | word",59.962558,0.00743529411764687,0.0437999999999974,0.00979291460549822,0.793637846655835,0.357259380097862,-0.148097830310807,0.500000000000008,"Left-skewed"
"F 1966","relˀa_cf","lˀ","cf","relˀa","elˀa","F",0.1021,"lˀ | cf",61.370486,0.00959285714285686,0.028100000000002,0.00845435384290944,0.862389813907889,0.275220372184153,-0.0852218867206681,0.499999999999998,"Left-skewed"
"F 1966","rolˀal_1","lˀ","word","rolˀal","olˀa","F",0.0884999999999962,"lˀ | word",68.016352,0.00505999999999958,0.0102999999999938,0.00204151646421911,0.941807909604593,0.116384180790895,-0.00781311463771689,0.500000000000007,"Left-skewed"
"F 1966","rolˀal_2","lˀ","word","rolˀal","olˀa","F",0.0869999999999962,"lˀ | word",67.835953,0.00561764705882318,0.00820000000000221,0.00139563394830027,0.805747126436777,0.0942528735632479,-0.00476727289610076,0.500000000000005,"Left-skewed"
"F 1966","rolˀal_3","lˀ","word","rolˀal","olˀa","F",0.070999999999998,"lˀ | word",64.514341,0.00685833333333245,0.0136000000000038,0.00257839214639899,0.807042253521121,0.191549295774707,-0.0228508992711544,0.499999999999996,"Left-skewed"
"F 1966","rolˀal_cf","lˀ","cf","rolˀal","olˀa","F",0.075800000000001,"lˀ | cf",65.566302,0.00606428571428605,0.0118999999999971,0.00215428272655378,0.735488126649111,0.156992084432678,-0.012054111999452,0.500000000000014,"Left-skewed"
"M 1946","belˀora_1","lˀ","word","belˀora","elˀo","M",0.150100000000002,"lˀ | word",56.195636,0.0156700000000008,0.089500000000001,0.0263861937805021,0.474683544303833,0.596269153897401,0.0747793670291585,0.499999999999996,"Right-skewed"
"M 1946","belˀora_2","lˀ","word","belˀora","elˀo","M",0.155900000000003,"lˀ | word",60.030656,0.0121285714285716,0.0238999999999976,0.00566547283265663,0.757857601026286,0.15330339961512,-0.00806000029347976,0.500000000000001,"Left-skewed"
"M 1946","belˀora_3","lˀ","word","belˀora","elˀo","M",0.137499999999996,"lˀ | word",60.738512,0.0112153846153842,0.0352000000000032,0.00850459152006088,0.526545454545432,0.256000000000031,-0.0120481730881267,0.49999999999999,"Left-skewed"
"M 1946","belˀora_cf","lˀ","cf","belˀora","elˀo","M",0.106499999999997,"lˀ | cf",60.812077,0.0102727272727266,0.0349000000000004,0.00920718099193252,0.705633802816862,0.327699530516445,-0.0697765388441442,0.499999999999988,"Left-skewed"
"M 1946","ila_1","l","word","ila","ila","M",0.103500000000004,"l | word",65.826311,0.00708750000000036,0.00880000000000081,0.0015658331115835,0.921739130434728,0.0850241545893766,-0.00238800900650461,0.499999999999995,"Left-skewed"
"M 1946","ila_2","l","word","ila","ila","M",0.1111,"l | word",64.004334,0.00741250000000004,0.00989999999999469,0.00276739950133735,0.895139513951432,0.089108910891041,-0.00257742402697294,0.500000000000003,"Left-skewed"
"M 1946","ila_3","l","word","ila","ila","M",0.1111,"l | word",64.893815,0.00731875000000004,0.00969999999999516,0.00286664001925636,0.863636363636378,0.0873087308730434,-0.0030083723155694,0.499999999999993,"Left-skewed"
"M 1946","ila_cf","l","cf","ila","ila","M",0.109699999999997,"l | cf",67.322374,0.00725624999999974,0.00900000000000034,0.00244784769406394,0.762078395624427,0.0820419325433056,-0.000962236775616958,0.500000000000004,"Left-skewed"
"M 1946","lˀala_1","l","word","lˀala","ala","M",0.104800000000001,"l | word",66.730361,0.00747333333333344,0.00910000000000011,0.0026097254006249,0.480438931297722,0.0868320610687026,0.000522747427265675,0.499999999999999,"Right-skewed"
"M 1946","lˀala_2","l","word","lˀala","ala","M",0.104800000000001,"l | word",66.692951,0.00778666666666676,0.00850000000000151,0.00174514291951274,0.0405534351145276,0.0811068702290213,0.00124211238282794,0.5,"Right-skewed"
"M 1946","lˀala_3","l","word","lˀala","ala","M",0.1099,"l | word",66.371408,0.00820666666666672,0.00959999999999894,0.00112597048087804,0.807097361237485,0.087352138307543,-0.00200027711316195,0.499999999999996,"Left-skewed"
"M 1946","lˀala_cf","l","cf","lˀala","ala","M",0.0919999999999987,"l | cf",68.043913,0.00718571428571403,0.00860000000000127,0.0019689345587666,0.0836956521739122,0.0934782608695803,0.00109997549593115,0.499999999999999,"Right-skewed"
"M 1946","q'ali_1","l","word","q'ali","ali","M",0.1623,"l | word",65.312245,0.0077681818181818,0.0100000000000002,0.00219379782973476,0.776956253850893,0.0616142945163293,-0.00194535980825187,0.5,"Left-skewed"
"M 1946","q'ali_2","l","word","q'ali","ali","M",0.175,"l | word",65.604065,0.00932999999999997,0.0115000000000003,0.00209789368051319,0.561999999999998,0.0657142857142874,-0.0010282813656248,0.5,"Left-skewed"
"M 1946","q'ali_3","l","word","q'ali","ali","M",0.1354,"l | word",63.37837,0.00825294117647055,0.0115999999999996,0.00369579450982115,0.78877400295421,0.0856720827178703,-0.00431883770769328,0.5,"Left-skewed"
"M 1946","q'ali_cf","l","cf","q'ali","ali","M",0.115,"l | cf",69.783929,0.00797500000000001,0.00880000000000081,0.00140830867828504,0.553913043478259,0.0765217391304417,0.000646703356523421,0.5,"Right-skewed"
"M 1946","relˀa_1","lˀ","word","relˀa","elˀa","M",0.163499999999999,"lˀ | word",46.804696,0.0188999999999998,0.119700000000002,0.0379399196098259,0.396024464831785,0.732110091743134,0.891144338518233,0.499999999999982,"Right-skewed"
"M 1946","relˀa_2","lˀ","word","relˀa","elˀa","M",0.214200000000005,"lˀ | word",49.610554,0.0220800000000011,0.162100000000002,0.0492845434413494,0.396591970121402,0.756769374416426,1.089693731853,0.500000000000013,"Right-skewed"
"M 1946","relˀa_3","lˀ","word","relˀa","elˀa","M",0.159100000000002,"lˀ | word",48.471142,0.0213375000000013,0.119600000000005,0.0397486724845728,0.461973601508496,0.751728472658729,0.382421153799536,0.500000000000001,"Right-skewed"
"M 1946","relˀa_cf","lˀ","cf","relˀa","elˀa","M",0.132999999999996,"lˀ | cf",55.293536,0.014759999999999,0.0722999999999985,0.0202470958136935,0.40714285714287,0.543609022556398,0.200079169858242,0.500000000000004,"Right-skewed"
"M 1946","rolˀal_1","lˀ","word","rolˀal","olˀa","M",0.191200000000002,"lˀ | word",56.824363,0.0100550000000002,0.0600000000000023,0.0118403625033415,0.223849372384933,0.313807531380762,0.0912766935461456,0.499999999999999,"Right-skewed"
"M 1946","rolˀal_2","lˀ","word","rolˀal","olˀa","M",0.199599999999997,"lˀ | word",53.1169,0.0140133333333329,0.0927000000000007,0.0219970733984152,0.349949899799617,0.464428857715442,0.18030326967616,0.500000000000007,"Right-skewed"
"M 1946","rolˀal_3","lˀ","word","rolˀal","olˀa","M",0.203400000000002,"lˀ | word",52.205902,0.0153785714285719,0.119199999999999,0.0299540976668126,0.502949852507333,0.586037364798418,-0.00927789970531062,0.499999999999988,"Left-skewed"
"M 1946","rolˀal_cf","lˀ","cf","rolˀal","olˀa","M",0.152200000000001,"lˀ | cf",58.152973,0.012469230769231,0.0666999999999973,0.016445991640081,0.299934296977626,0.438239159001295,0.195990048939305,0.5,"Right-skewed"
"F","belˀora_1","lˀ","word","belˀora","elˀo","F",0.1006,"lˀ | word",64.213649,0.00648749999999998,0.0122,0.0033238281142887,0.640159045725567,0.121272365805169,-0.00488542160340362,0.500000000000001,"Left-skewed"
"F","belˀora_2","lˀ","word","belˀora","elˀo","F",0.0847999999999942,"lˀ | word",66.938785,0.00701538461538357,0.0125000000000028,0.00335754030848338,0.546580188679245,0.147405660377402,-0.010002898501998,0.499999999999996,"Left-skewed"
"F","belˀora_3","lˀ","word","belˀora","elˀo","F",0.0752999999999986,"lˀ | word",61.933874,0.00788181818181758,0.0108000000000033,0.00215026425437488,0.703851261620163,0.143426294820763,-0.00868766525550612,0.499999999999998,"Left-skewed"
"F","belˀora_cf","lˀ","cf","belˀora","elˀo","F",0.0599999999999952,"lˀ | cf",63.768885,0.00726999999999904,0.00869999999999749,0.00111559650212782,0.570833333333263,0.14499999999997,0.0012788797542933,0.499999999999991,"Right-skewed"
"F","ila_1","l","word","ila","ila","F",0.122700000000002,"l | word",68.735175,0.00540833333333346,0.00610000000000355,0.00099342038330713,0.856968215158927,0.049714751426271,-0.00011113925892361,0.500000000000005,"Left-skewed"
"F","ila_2","l","word","ila","ila","F",0.126100000000001,"l | word",69.50938,0.00557083333333352,0.00610000000000355,0.000880947694576111,0.843378271213309,0.0483743061062926,-0.000177402546342011,0.499999999999999,"Left-skewed"
"F","ila_3","l","word","ila","ila","F",0.100500000000004,"l | word",70.035019,0.00577894736842142,0.00650000000000261,0.000646854738431062,0.918905472636814,0.0646766169154464,-0.000749050966238343,0.499999999999998,"Left-skewed"
"F","ila_cf","l","cf","ila","ila","F",0.0885999999999996,"l | cf",71.121125,0.00512777777777787,0.0063999999999993,0.00180743743055124,0.0575620767494221,0.0722347629796764,0.000323532600322809,0.500000000000003,"Right-skewed"
"F","lˀala_1","l","word","lˀala","ala","F",0.0871999999999993,"l | word",68.049858,0.00554705882352923,0.00620000000000331,0.00171213231346947,0.881880733944943,0.0711009174312313,0.000144923896278832,0.499999999999999,"Right-skewed"
"F","lˀala_2","l","word","lˀala","ala","F",0.0886999999999993,"l | word",67.890824,0.00501666666666662,0.00640000000000285,0.00232992047327049,0.807215332581743,0.0721533258173945,-0.000291570270417828,0.5,"Left-skewed"
"F","lˀala_3","l","word","lˀala","ala","F",0.103200000000001,"l | word",66.018228,0.00623888888888915,0.00710000000000122,0.00101293916482307,0.846414728682169,0.0687984496124142,-0.000967984238647042,0.499999999999998,"Left-skewed"
"F","lˀala_cf","l","cf","lˀala","ala","F",0.0858999999999988,"l | cf",67.592607,0.00652666666666638,0.00690000000000168,0.000378845363604362,0.113504074505245,0.0803259604191127,0.000711122516152084,0.500000000000001,"Right-skewed"
"F","q'ali_1","l","word","q'ali","ali","F",0.0893000000000002,"l | word",65.190769,0.00612500000000002,0.00709999999999988,0.00109818031306339,0.906494960806265,0.0795072788353849,-0.000697545690293982,0.500000000000001,"Left-skewed"
"F","q'ali_2","l","word","q'ali","ali","F",0.108099999999999,"l | word",65.743219,0.00659999999999991,0.00780000000000047,0.0010087849418106,0.926919518963928,0.072155411655879,-0.000617383512874702,0.5,"Left-skewed"
"F","q'ali_3","l","word","q'ali","ali","F",0.0983000000000001,"l | word",65.938752,0.00625882352941175,0.00729999999999986,0.00163938205718253,0.827568667344858,0.0742624618514736,-0.000898754548625912,0.5,"Left-skewed"
"F","q'ali_cf","l","cf","q'ali","ali","F",0.0532999999999992,"l | cf",63.712405,0.00553636363636349,0.00660000000000061,0.00219375145687629,0.795497185741095,0.123827392120088,0.00126781708554375,0.499999999999999,"Right-skewed"
"F","relˀa_1","lˀ","word","relˀa","elˀa","F",0.138199999999998,"lˀ | word",62.677244,0.00848235294117635,0.0208000000000013,0.00503565230309361,0.611432706222865,0.150506512301025,-0.010532428795635,0.499999999999999,"Left-skewed"
"F","relˀa_2","lˀ","word","relˀa","elˀa","F",0.121500000000005,"lˀ | word",63.327166,0.00998461538461562,0.0219000000000023,0.00666968841774095,0.137860082304537,0.180246913580259,0.0110172871260682,0.499999999999999,"Right-skewed"
"F","relˀa_3","lˀ","word","relˀa","elˀa","F",0.113,"lˀ | word",60.722589,0.0101000000000001,0.0260999999999996,0.00649615270756388,0.153539823008854,0.230973451327431,0.0344279753603357,0.500000000000001,"Right-skewed"
"F","relˀa_cf","lˀ","cf","relˀa","elˀa","F",0.0762,"lˀ | cf",63.334672,0.00632307692307694,0.00889999999999702,0.00239483953747574,0.596456692913417,0.116797900262428,-0.00199590899735895,0.500000000000014,"Left-skewed"
"F","rolˀal_1","lˀ","word","rolˀal","olˀa","F",0.117899999999999,"lˀ | word",65.711937,0.00717647058823529,0.0174999999999983,0.00469448205499865,0.60771840542832,0.1484308736217,-0.00204745431925469,0.499999999999998,"Left-skewed"
"F","rolˀal_2","lˀ","word","rolˀal","olˀa","F",0.142799999999994,"lˀ | word",64.664131,0.00744999999999933,0.0204999999999984,0.00504980458194139,0.573179271708678,0.143557422969183,-0.00381461173892143,0.499999999999994,"Left-skewed"
"F","rolˀal_3","lˀ","word","rolˀal","olˀa","F",0.114199999999997,"lˀ | word",63.735182,0.00744374999999975,0.0176999999999978,0.00421994766950205,0.631786339754839,0.15499124343256,-0.00734410037776334,0.500000000000005,"Left-skewed"
"F","rolˀal_cf","lˀ","cf","rolˀal","olˀa","F",0.0930999999999997,"lˀ | cf",65.622158,0.0062875,0.00820000000000221,0.00164311695668114,0.631578947368401,0.0880773361976609,-0.000200185318269169,0.500000000000019,"Left-skewed"
"M 1955","belˀora_1","lˀ","word","belˀora","elˀo","M",0.115500000000011,"lˀ | word",62.017112,0.00630526315789612,0.0140999999999991,0.00355175601079554,0.859307359307378,0.122077922077902,-0.0104867390908798,0.500000000000029,"Left-skewed"
"M 1955","belˀora_2","lˀ","word","belˀora","elˀo","M",0.0934000000000026,"lˀ | word",63.567669,0.00843076923077035,0.0149000000000115,0.00438641550992063,0.0797644539615152,0.15952890792303,0.018374540458303,0.499999999999982,"Right-skewed"
"M 1955","belˀora_3","lˀ","word","belˀora","elˀo","M",0.110500000000002,"lˀ | word",61.708377,0.0119000000000007,0.0255999999999972,0.00671010093407132,0.115837104072384,0.231674208144767,0.0451136272085506,0.499999999999989,"Right-skewed"
"M 1955","belˀora_cf","lˀ","cf","belˀora","elˀo","M",0.0944000000000074,"lˀ | cf",60.691027,0.00915000000000058,0.018100000000004,0.00537172733349844,0.750529661016967,0.191737288135621,-0.0300660123657303,0.500000000000005,"Left-skewed"
"M 1955","ila_1","l","word","ila","ila","M",0.0854999999999961,"l | word",66.870194,0.00498333333333297,0.0063999999999993,0.00168566621495361,0.926315789473728,0.0748538011695858,-0.000582514708036218,0.499999999999992,"Left-skewed"
"M 1955","ila_2","l","word","ila","ila","M",0.0835000000000008,"l | word",66.222035,0.00584374999999993,0.00680000000000547,0.000597738794681815,0.898203592814312,0.0814371257485677,-0.00147017570953824,0.5,"Left-skewed"
"M 1955","ila_3","l","word","ila","ila","M",0.0949999999999989,"l | word",68.943393,0.00570555555555548,0.00730000000000075,0.00125720147771037,0.855263157894792,0.0768421052631667,-0.00217754321005706,0.50000000000001,"Left-skewed"
"M 1955","ila_cf","l","cf","ila","ila","M",0.069899999999997,"l | cf",68.256132,0.00630833333333314,0.00889999999999702,0.00281213549826505,0.0765379113018626,0.127324749642309,0.00421593126872312,0.499999999999992,"Right-skewed"
"M 1955","lˀala_1","l","word","lˀala","ala","M",0.101200000000006,"l | word",66.727604,0.00511428571428631,0.00650000000000261,0.00109283379993612,0.933300395256883,0.0642292490118799,-0.00126605016789189,0.500000000000004,"Left-skewed"
"M 1955","lˀala_2","l","word","lˀala","ala","M",0.113199999999999,"l | word",67.289744,0.00618499999999962,0.00780000000000314,0.00115360989484042,0.904593639576005,0.0689045936396042,-0.00251643834962607,0.500000000000005,"Left-skewed"
"M 1955","lˀala_3","l","word","lˀala","ala","M",0.102699999999999,"l | word",63.117034,0.00626666666666667,0.00789999999999935,0.00150957726844793,0.887536514118794,0.0769230769230716,-0.00276874584314222,0.500000000000001,"Left-skewed"
"M 1955","lˀala_cf","l","cf","lˀala","ala","M",0.0794999999999959,"l | cf",66.753469,0.00495882352941128,0.00590000000000401,0.00150626144125578,0.149056603773536,0.0742138364780417,0.000101200175251632,0.500000000000001,"Right-skewed"
"M 1955","q'ali_1","l","word","q'ali","ali","M",0.101000000000001,"l | word",62.497086,0.00572777777777785,0.00760000000000005,0.00259043615577063,0.881188118811878,0.0752475247524751,-0.00107837196364788,0.499999999999996,"Left-skewed"
"M 1955","q'ali_2","l","word","q'ali","ali","M",0.115600000000001,"l | word",64.062324,0.00720588235294121,0.00890000000000057,0.0024185405176043,0.839532871972324,0.0769896193771672,-0.000330337827170711,0.5,"Left-skewed"
"M 1955","q'ali_3","l","word","q'ali","ali","M",0.0604999999999993,"l | word",64.392164,0.00691999999999986,0.00900000000000034,0.00222051045182581,0.854545454545469,0.14876033057852,-0.00242878337927714,0.499999999999997,"Left-skewed"
"M 1955","q'ali_cf","l","cf","q'ali","ali","M",0.0619000000000014,"l | cf",68.209395,0.00722000000000023,0.00869999999999926,0.00232942529869961,0.810177705977399,0.140549273020987,-0.00145173034193242,0.5,"Left-skewed"
"M 1955","relˀa_1","lˀ","word","relˀa","elˀa","M",0.101100000000002,"lˀ | word",63.138201,0.00802142857142891,0.0174999999999983,0.00353056512613546,0.850148367952471,0.173095944609277,-0.0204655791282846,0.499999999999996,"Left-skewed"
"M 1955","relˀa_2","lˀ","word","relˀa","elˀa","M",0.107800000000012,"lˀ | word",59.037037,0.00866000000000137,0.020700000000005,0.0061214844138153,0.90398886827457,0.192022263450861,-0.0371537168245444,0.500000000000003,"Left-skewed"
"M 1955","relˀa_3","lˀ","word","relˀa","elˀa","M",0.113,"lˀ | word",58.495304,0.00980714285714259,0.029200000000003,0.00794737153313953,0.687610619468967,0.258407079646045,-0.0589484309025169,0.499999999999981,"Left-skewed"
"M 1955","relˀa_cf","lˀ","cf","relˀa","elˀa","M",0.0832999999999942,"lˀ | cf",64.920603,0.0121499999999983,0.0182000000000073,0.00561070405564394,0.595438175270127,0.218487394958086,0.00160728670843795,0.500000000000027,"Right-skewed"
"M 1955","rolˀal_1","lˀ","word","rolˀal","olˀa","M",0.0991999999999962,"lˀ | word",67.932696,0.00631176470588206,0.0099000000000018,0.00207149775311922,0.703125000000018,0.0997983870967961,-0.00679330876895894,0.500000000000014,"Left-skewed"
"M 1955","rolˀal_2","lˀ","word","rolˀal","olˀa","M",0.118400000000008,"lˀ | word",67.839598,0.00691666666666811,0.0137999999999892,0.00351404744016608,0.455236486486444,0.116554054053954,-0.00731876246586295,0.499999999999995,"Left-skewed"
"M 1955","rolˀal_3","lˀ","word","rolˀal","olˀa","M",0.118799999999993,"lˀ | word",66.530539,0.00609999999999928,0.0114999999999981,0.00300105244697319,0.778198653198694,0.0968013468013361,-0.00490443308702403,0.500000000000031,"Left-skewed"
"M 1955","rolˀal_cf","lˀ","cf","rolˀal","olˀa","M",0.0640000000000072,"lˀ | cf",67.321488,0.00745000000000147,0.00920000000000698,0.00205169306779367,0.828125000000087,0.143750000000093,-0.00248969972857423,0.500000000000003,"Left-skewed"
